s_code,s_name,d_name,c_name,enroll12,num_tst_takr12,pct_tst_takr
106120.0,SIATech,Vista Unified,San Diego,475.0,1.0,0.002105263157894737
5034913.0,Robert Elliott Alternative Education Center,Modesto City High,Stanislaus,327.0,1.0,0.0030581039755351682
1939784.0,Joseph Pomeroy Widney Career Preparatory and Transition Center,Los Angeles Unified,Los Angeles,284.0,1.0,0.0035211267605633804
3330065.0,Alessandro High,Hemet Unified,Riverside,221.0,1.0,0.004524886877828055
3930468.0,San Joaquin County Community,San Joaquin County Office of Education,San Joaquin,218.0,1.0,0.0045871559633027525
3732047.0,Palomar High,Sweetwater Union High,San Diego,215.0,1.0,0.004651162790697674
3737962.0,Garfield High,San Diego Unified,San Diego,208.0,1.0,0.004807692307692308
1931732.0,Desert Winds Continuation High,Antelope Valley Union High,Los Angeles,377.0,2.0,0.005305039787798408
135590.0,Uplift California Santa Barbara,Cuyama Joint Unified,Santa Barbara,186.0,1.0,0.005376344086021506
3630480.0,Citrus High (Continuation),Fontana Unified,San Bernardino,181.0,1.0,0.0055248618784530384
127209.0,Insight School of California,Maricopa Unified,Kern,179.0,1.0,0.00558659217877095
730259.0,Prospects High (Alternative),Antioch Unified,Contra Costa,175.0,1.0,0.005714285714285714
1937176.0,Reid High,Long Beach Unified,Los Angeles,154.0,1.0,0.006493506493506494
1934421.0,Bowman (Jereann) High (Continuation),William S. Hart Union High,Los Angeles,308.0,2.0,0.006493506493506494
3731304.0,MAAC Community Charter,Sweetwater Union High,San Diego,153.0,1.0,0.006535947712418301
4330759.0,Boynton High,Campbell Union High,Santa Clara,152.0,1.0,0.006578947368421052
1931641.0,Tracy (Wilbur) High (Continuation),ABC Unified,Los Angeles,147.0,1.0,0.006802721088435374
124610.0,El Puente,Salinas Union High,Monterey,146.0,1.0,0.00684931506849315
3630019.0,Eric Birch High (Continuation),Fontana Unified,San Bernardino,142.0,1.0,0.007042253521126761
118075.0,Learning Works,Pasadena Unified,Los Angeles,141.0,1.0,0.0070921985815602835
4330247.0,Wilson Alternative,Santa Clara Unified,Santa Clara,140.0,1.0,0.007142857142857143
130146.0,Rudsdale Continuation,Oakland Unified,Alameda,139.0,1.0,0.007194244604316547
1935428.0,Vista High,Lynwood Unified,Los Angeles,136.0,1.0,0.007352941176470588
133009.0,Brenkwitz High,Hayward Unified,Alameda,132.0,1.0,0.007575757575757576
131169.0,Valiant Academy of Southern California,Dehesa Elementary,San Diego,131.0,1.0,0.007633587786259542
109900.0,Vista Real Charter High,Ventura County Office of Education,Ventura,130.0,1.0,0.007692307692307693
1938190.0,Somerset Continuation High,Bellflower Unified,Los Angeles,129.0,1.0,0.007751937984496124
733998.0,La Paloma High (Continuation),Liberty Union High,Contra Costa,128.0,1.0,0.0078125
1031632.0,Dewolf Continuation High,Fresno Unified,Fresno,126.0,1.0,0.007936507936507936
5036884.0,Roselawn High,Turlock Unified,Stanislaus,119.0,1.0,0.008403361344537815
3030335.0,La Sierra High (Alternative),Fullerton Joint Union High,Orange,235.0,2.0,0.00851063829787234
125401.0,Insight @ San Diego,Spencer Valley Elementary,San Diego,116.0,1.0,0.008620689655172414
5030200.0,Argus High (Continuation),Ceres Unified,Stanislaus,116.0,1.0,0.008620689655172414
1932698.0,Ruben Salazar Continuation,El Rancho Unified,Los Angeles,112.0,1.0,0.008928571428571428
830059.0,Castle Rock,Del Norte County Office of Education,Del Norte,108.0,1.0,0.009259259259259259
110494.0,Bidwell Continuation High,Antioch Unified,Contra Costa,107.0,1.0,0.009345794392523364
1031004.0,Gateway High (Continuation),Clovis Unified,Fresno,104.0,1.0,0.009615384615384616
1996644.0,R. Rex Parris High,Antelope Valley Union High,Los Angeles,410.0,4.0,0.00975609756097561
5830112.0,Yuba County Career Preparatory Charter,Yuba County Office of Education,Yuba,102.0,1.0,0.00980392156862745
1931765.0,Sierra High,Azusa Unified,Los Angeles,101.0,1.0,0.009900990099009901
4530200.0,Pioneer Continuation High,Shasta Union High,Shasta,93.0,1.0,0.010752688172043012
2035640.0,Furman (Duane E.) High (Independent Study Program),Madera Unified,Madera,92.0,1.0,0.010869565217391304
6069157.0,Berenece Carlson Home Hospital,Los Angeles Unified,Los Angeles,91.0,1.0,0.01098901098901099
3035987.0,Junipero Serra High,Capistrano Unified,Orange,89.0,1.0,0.011235955056179775
114140.0,George and Evelyn Stein Continuation,Tracy Joint Unified,San Joaquin,87.0,1.0,0.011494252873563218
3830031.0,Wells (Ida B.) High,San Francisco Unified,San Francisco,85.0,1.0,0.011764705882352941
3730793.0,Foothills High,San Marcos Unified,San Diego,84.0,1.0,0.011904761904761904
3330172.0,Perris Lake High (Continuation),Perris Union High,Riverside,168.0,2.0,0.011904761904761904
5030267.0,Denair Charter Academy,Denair Unified,Stanislaus,83.0,1.0,0.012048192771084338
136218.0,Uplift California North Charter,Bradley Union Elementary,Monterey,83.0,1.0,0.012048192771084338
3337649.0,Mountain View High,San Jacinto Unified,Riverside,159.0,2.0,0.012578616352201259
3430501.0,Walnutwood High (Independent Study),Folsom-Cordova Unified,Sacramento,79.0,1.0,0.012658227848101266
1938513.0,Coronado High (Continuation),West Covina Unified,Los Angeles,157.0,2.0,0.012738853503184714
136473.0,Sweetwater Secondary,SBE - Sweetwater Secondary,San Diego,78.0,1.0,0.01282051282051282
3330115.0,Ortega High,Lake Elsinore Unified,Riverside,233.0,3.0,0.012875536480686695
730424.0,Summit High (Continuation),Mt. Diablo Unified,Contra Costa,74.0,1.0,0.013513513513513514
128462.0,Taylion High Desert Academy/Adelanto,Adelanto Elementary,San Bernardino,142.0,2.0,0.014084507042253521
3434792.0,Kinney High (Continuation),Folsom-Cordova Unified,Sacramento,70.0,1.0,0.014285714285714285
107284.0,California Virtual Academy @ Sonoma,Liberty Elementary,Sonoma,70.0,1.0,0.014285714285714285
5030226.0,Petersen Alternative Center for Education,Stanislaus County Office of Education,Stanislaus,69.0,1.0,0.014492753623188406
4332110.0,Broadway High,San Jose Unified,Santa Clara,138.0,2.0,0.014492753623188406
134304.0,Island High (Continuation),Alameda Unified,Alameda,68.0,1.0,0.014705882352941176
3130309.0,Adelante High (Continuation),Roseville Joint Union High,Placer,67.0,1.0,0.014925373134328358
3430709.0,Folsom Lake High,Folsom-Cordova Unified,Sacramento,66.0,1.0,0.015151515151515152
102103.0,Jordan (June) School for Equity,San Francisco Unified,San Francisco,65.0,1.0,0.015384615384615385
4232690.0,La Cuesta Continuation High,Santa Barbara Unified,Santa Barbara,65.0,1.0,0.015384615384615385
112565.0,New Vision High,Manteca Unified,San Joaquin,65.0,1.0,0.015384615384615385
107151.0,"Escuela Popular/Center for Training and Careers, Family Learning",East Side Union High,Santa Clara,63.0,1.0,0.015873015873015872
1995570.0,Educational Partnership High,Long Beach Unified,Los Angeles,563.0,9.0,0.015985790408525755
1530351.0,Wasco Independence High,Wasco Union High,Kern,62.0,1.0,0.016129032258064516
134247.0,California STEAM San Bernardino,Trona Joint Unified,San Bernardino,305.0,5.0,0.01639344262295082
730184.0,Black Diamond High (Continuation),Pittsburg Unified,Contra Costa,118.0,2.0,0.01694915254237288
136465.0,California STEAM Sonoma II,Guerneville Elementary,Sonoma,59.0,1.0,0.01694915254237288
1995596.0,ABC Secondary (Alternative),ABC Unified,Los Angeles,58.0,1.0,0.017241379310344827
4135687.0,Redwood High,Sequoia Union High,San Mateo,173.0,3.0,0.017341040462427744
3330495.0,Rancho Vista High,Temecula Valley Unified,Riverside,113.0,2.0,0.017699115044247787
3330586.0,Lee V. Pollard High,Corona-Norco Unified,Riverside,339.0,6.0,0.017699115044247787
112276.0,Gold Rush Charter,Summerville Union High,Tuolumne,56.0,1.0,0.017857142857142856
3130036.0,Phoenix High (Continuation),Western Placer Unified,Placer,55.0,1.0,0.01818181818181818
106245.0,North Area Community,Sacramento County Office of Education,Sacramento,55.0,1.0,0.01818181818181818
114504.0,Summit High (Continuation),Desert Sands Unified,Riverside,217.0,4.0,0.018433179723502304
1995695.0,Cesar Chavez Continuation High,Compton Unified,Los Angeles,214.0,4.0,0.018691588785046728
2132264.0,Marin Oaks High,Novato Unified,Marin,53.0,1.0,0.018867924528301886
1995430.0,Independence High (Alternative),Alhambra Unified,Los Angeles,52.0,1.0,0.019230769230769232
126763.0,Decoto School for Independent Study,New Haven Unified,Alameda,52.0,1.0,0.019230769230769232
3130200.0,Victory High,Rocklin Unified,Placer,51.0,1.0,0.0196078431372549
2730125.0,North Monterey County Center for Independent Study,North Monterey County Unified,Monterey,50.0,1.0,0.02
3730231.0,Twain High,San Diego Unified,San Diego,196.0,4.0,0.02040816326530612
3630365.0,Chaparral High,Snowline Joint Unified,San Bernardino,98.0,2.0,0.02040816326530612
3030384.0,Polaris High (Alternative),Anaheim Union High,Orange,49.0,1.0,0.02040816326530612
4330312.0,Phoenix High,East Side Union High,Santa Clara,46.0,1.0,0.021739130434782608
3330974.0,Banning Independent Study,Banning Unified,Riverside,91.0,2.0,0.02197802197802198
135145.0,Compass Charter Schools of Los Angeles,Acton-Agua Dulce Unified,Los Angeles,45.0,1.0,0.022222222222222223
1030840.0,Carter G. Woodson Public Charter,Fresno Unified,Fresno,135.0,3.0,0.022222222222222223
3330362.0,Summit View Independent Study,Riverside Unified,Riverside,132.0,3.0,0.022727272727272728
1930577.0,Pueblo de Los Angeles Continuation,Los Angeles Unified,Los Angeles,44.0,1.0,0.022727272727272728
4930327.0,Laguna High,West Sonoma County Union High,Sonoma,44.0,1.0,0.022727272727272728
1931534.0,Will Rogers Continuation,Los Angeles Unified,Los Angeles,83.0,2.0,0.024096385542168676
137281.0,SAVA - Sacramento Academic and Vocational Academy - EGUSD,Elk Grove Unified,Sacramento,82.0,2.0,0.024390243902439025
137661.0,California Virtual Academy at Fresno,Orange Center,Fresno,40.0,1.0,0.025
2730240.0,Learning for Life Charter,Monterey Peninsula Unified,Monterey,40.0,1.0,0.025
4830022.0,Travis Education Center,Travis Unified,Solano,40.0,1.0,0.025
127100.0,Assurance Learning Academy,Acton-Agua Dulce Unified,Los Angeles,439.0,11.0,0.025056947608200455
2730232.0,Monterey County Home Charter,Monterey County Office of Education,Monterey,79.0,2.0,0.02531645569620253
6112254.0,Elk Grove Charter,Elk Grove Unified,Sacramento,79.0,2.0,0.02531645569620253
3630308.0,San Andreas High,San Bernardino City Unified,San Bernardino,273.0,7.0,0.02564102564102564
117440.0,CIS Academy,Pasadena Unified,Los Angeles,115.0,3.0,0.02608695652173913
3331121.0,Mt. San Jacinto High,Palm Springs Unified,Riverside,153.0,4.0,0.026143790849673203
118653.0,Ralph J. Bunche High,Oakland Unified,Alameda,76.0,2.0,0.02631578947368421
4330502.0,Liberty High (Alternative),San Jose Unified,Santa Clara,190.0,5.0,0.02631578947368421
1030378.0,Mountain View (Alternative),Kings Canyon Joint Unified,Fresno,38.0,1.0,0.02631578947368421
114264.0,North County Trade Tech High,Vista Unified,San Diego,38.0,1.0,0.02631578947368421
136556.0,Kings Valley Academy II,Kit Carson Union Elementary,Kings,75.0,2.0,0.02666666666666667
3131687.0,Confluence Continuation High,Placer Union High,Placer,37.0,1.0,0.02702702702702703
3430519.0,Capital City Independent Study,Sacramento City Unified,Sacramento,147.0,4.0,0.027210884353741496
3430451.0,McClellan High (Continuation),Center Joint Unified,Sacramento,36.0,1.0,0.027777777777777776
102764.0,Richard A. Alonzo Community Day,Los Angeles Unified,Los Angeles,72.0,2.0,0.027777777777777776
3630100.0,Goodwill High,Victor Valley Union High,San Bernardino,72.0,2.0,0.027777777777777776
112714.0,Antelope Valley Learning Academy,Palmdale Elementary,Los Angeles,235.0,7.0,0.029787234042553193
125864.0,Ednovate - USC Hybrid High College Prep,Los Angeles Unified,Los Angeles,131.0,4.0,0.030534351145038167
934554.0,Independence Continuation,El Dorado Union High,El Dorado,65.0,2.0,0.03076923076923077
4838058.0,John Finney High (Continuation),Vallejo City Unified,Solano,97.0,3.0,0.030927835051546393
1931690.0,Independence Continuation,Los Angeles Unified,Los Angeles,32.0,1.0,0.03125
3030129.0,Creekside High,Irvine Unified,Orange,63.0,2.0,0.031746031746031744
127720.0,Rivercrest Preparatory,Jurupa Unified,Riverside,31.0,1.0,0.03225806451612903
123224.0,San Diego Virtual,Mountain Empire Unified,San Diego,153.0,5.0,0.032679738562091505
115170.0,School of Extended Educational Options,Pomona Unified,Los Angeles,243.0,8.0,0.03292181069958848
4030102.0,Atascadero Choices in Education Academy (ACE),Atascadero Unified,San Luis Obispo,29.0,1.0,0.034482758620689655
131573.0,Burbank Unified Independent Learning Academy (BUILA),Burbank Unified,Los Angeles,29.0,1.0,0.034482758620689655
132506.0,Inspire Charter School - South,Dehesa Elementary,San Diego,116.0,4.0,0.034482758620689655
3731395.0,Audeo Charter,San Diego Unified,San Diego,172.0,6.0,0.03488372093023256
136077.0,Grossmont Secondary,SBE - Grossmont Secondary,San Diego,113.0,4.0,0.035398230088495575
5530043.0,Theodore Bird High,Sonora Union High,Tuolumne,28.0,1.0,0.03571428571428571
1030287.0,J. E. Young Academic Center,Fresno Unified,Fresno,109.0,4.0,0.03669724770642202
132472.0,California Pacific Charter - San Diego,Warner Unified,San Diego,108.0,4.0,0.037037037037037035
137174.0,Mojave River Academy - Gold Canyon,Oro Grande,San Bernardino,27.0,1.0,0.037037037037037035
1930387.0,Central High,Los Angeles Unified,Los Angeles,104.0,4.0,0.038461538461538464
1932656.0,Culver Park High,Culver City Unified,Los Angeles,26.0,1.0,0.038461538461538464
4030185.0,Templeton Independent Study High,Templeton Unified,San Luis Obispo,26.0,1.0,0.038461538461538464
1930122.0,Century High,Alhambra Unified,Los Angeles,78.0,3.0,0.038461538461538464
114439.0,Mission View Public,William S. Hart Union High,Los Angeles,50.0,2.0,0.04
6119671.0,Tehama eLearning Academy,Tehama County Department of Education,Tehama,25.0,1.0,0.04
2930089.0,NU Tech High,Nevada Joint Union High,Nevada,25.0,1.0,0.04
137117.0,New Day Academy,Whitmore Union Elementary,Shasta,25.0,1.0,0.04
3430626.0,Discovery High,Natomas Unified,Sacramento,74.0,3.0,0.04054054054054054
137794.0,Gorman Learning Center San Bernardino/Santa Clarita,Lucerne Valley Unified,San Bernardino,122.0,5.0,0.040983606557377046
5630249.0,Monte Vista,Simi Valley Unified,Ventura,73.0,3.0,0.0410958904109589
730572.0,Independence High,Liberty Union High,Contra Costa,169.0,7.0,0.04142011834319527
1933308.0,Rancho del Mar High (Continuation),Palos Verdes Peninsula Unified,Los Angeles,24.0,1.0,0.041666666666666664
3030483.0,La Entrada High,Placentia-Yorba Linda Unified,Orange,24.0,1.0,0.041666666666666664
136432.0,Alta Vista Innovation High,Lucerne Valley Unified,San Bernardino,190.0,8.0,0.042105263157894736
111773.0,Family Partnership Charter,Blochman Union Elementary,Santa Barbara,47.0,2.0,0.0425531914893617
1931997.0,Odyssey Continuation,Los Angeles Unified,Los Angeles,23.0,1.0,0.043478260869565216
730473.0,Briones (Alternative),Martinez Unified,Contra Costa,23.0,1.0,0.043478260869565216
5430277.0,Deep Creek Academy,Farmersville Unified,Tulare,46.0,2.0,0.043478260869565216
132654.0,Community Collaborative Charter,Acton-Agua Dulce Unified,Los Angeles,91.0,4.0,0.04395604395604396
124131.0,California Preparatory Academy,Capistrano Unified,Orange,68.0,3.0,0.04411764705882353
102079.0,Murrieta Canyon Academy,Murrieta Valley Unified,Riverside,135.0,6.0,0.044444444444444446
3130119.0,Independence High (Alternative),Roseville Joint Union High,Placer,90.0,4.0,0.044444444444444446
3930344.0,Independence,Lodi Unified,San Joaquin,90.0,4.0,0.044444444444444446
5730098.0,Davis School for Independent Study,Davis Joint Unified,Yolo,22.0,1.0,0.045454545454545456
1996537.0,Desert Sands Charter,Antelope Valley Union High,Los Angeles,88.0,4.0,0.045454545454545456
135095.0,Ernest Kimme Charter Academy for Independent Learning,Vacaville Unified,Solano,44.0,2.0,0.045454545454545456
3731221.0,Pacific View Charter,Oceanside Unified,San Diego,153.0,7.0,0.0457516339869281
4530051.0,Oakview High (Alternative),Anderson Union High,Shasta,43.0,2.0,0.046511627906976744
5630108.0,Conejo Valley High (Continuation),Conejo Valley Unified,Ventura,64.0,3.0,0.046875
134577.0,Audeo Charter II,SBE - Audeo Charter II,San Diego,64.0,3.0,0.046875
6120588.0,Pathways Charter,Harmony Union Elementary,Sonoma,64.0,3.0,0.046875
109751.0,Visalia Charter Independent Study,Visalia Unified,Tulare,232.0,11.0,0.04741379310344827
3737384.0,Sunset High (Continuation),San Dieguito Union High,San Diego,63.0,3.0,0.047619047619047616
5130075.0,Yuba City Independence Academy,Yuba City Unified,Sutter,21.0,1.0,0.047619047619047616
128561.0,Rocklin Independent Charter Academy,Rocklin Unified,Placer,42.0,2.0,0.047619047619047616
1936806.0,Rose City High (Continuation),Pasadena Unified,Los Angeles,104.0,5.0,0.04807692307692308
130930.0,Vista Oaks Charter,Byron Union Elementary,Contra Costa,104.0,5.0,0.04807692307692308
1935899.0,Canyon Oaks High,Monrovia Unified,Los Angeles,62.0,3.0,0.04838709677419355
132548.0,IDEA Center,Grossmont Union High,San Diego,61.0,3.0,0.04918032786885246
134320.0,Riverside County Education Academy - Indio,Riverside County Office of Education,Riverside,20.0,1.0,0.05
1932334.0,Jane Addams Continuation,Los Angeles Unified,Los Angeles,40.0,2.0,0.05
121954.0,Road to Success Academy at Campus Kilpatrick,Los Angeles County Office of Education,Los Angeles,20.0,1.0,0.05
109991.0,Crescent View West Public Charter,Fresno County Office of Education,Fresno,140.0,7.0,0.05
1931989.0,Monterey Continuation,Los Angeles Unified,Los Angeles,20.0,1.0,0.05
130435.0,Vista Alternative,Fremont Unified,Alameda,20.0,1.0,0.05
3330636.0,Susan H. Nelson,Temecula Valley Unified,Riverside,137.0,7.0,0.051094890510948905
2930030.0,North Point Academy,Nevada Joint Union High,Nevada,39.0,2.0,0.05128205128205128
134312.0,Inspire Charter School - Kern,Maricopa Unified,Kern,78.0,4.0,0.05128205128205128
1530997.0,Boron Junior-Senior High,Muroc Joint Unified,Kern,39.0,2.0,0.05128205128205128
3130168.0,Horizon Charter,Western Placer Unified,Placer,273.0,14.0,0.05128205128205128
1932250.0,Henry David Thoreau Continuation,Los Angeles Unified,Los Angeles,19.0,1.0,0.05263157894736842
106518.0,Merced Scholars Charter,Merced County Office of Education,Merced,19.0,1.0,0.05263157894736842
101717.0,Crossroads Charter,Armona Union Elementary,Kings,38.0,2.0,0.05263157894736842
127191.0,California Virtual Academy @ San Joaquin,New Jerusalem Elementary,San Joaquin,133.0,7.0,0.05263157894736842
3031945.0,El Camino Real Continuation High,Placentia-Yorba Linda Unified,Orange,93.0,5.0,0.053763440860215055
3030186.0,Monte Vista High,Newport-Mesa Unified,Orange,35.0,2.0,0.05714285714285714
1036086.0,Kings River High (Continuation),Sanger Unified,Fresno,52.0,3.0,0.057692307692307696
128280.0,Ukiah Independent Study Academy,Ukiah Unified,Mendocino,34.0,2.0,0.058823529411764705
121715.0,Paradise eLearning Academy,Paradise Unified,Butte,34.0,2.0,0.058823529411764705
135111.0,Uplift Monterey,Bradley Union Elementary,Monterey,17.0,1.0,0.058823529411764705
433946.0,Esperanza High (Continuation),Gridley Unified,Butte,17.0,1.0,0.058823529411764705
3030590.0,Tustin Connect,Tustin Unified,Orange,17.0,1.0,0.058823529411764705
3631587.0,Boys Republic High,Chino Valley Unified,San Bernardino,50.0,3.0,0.06
119214.0,CORE Placer Charter,Placer County Office of Education,Placer,49.0,3.0,0.061224489795918366
114389.0,Mirus Secondary,Hesperia Unified,San Bernardino,81.0,5.0,0.06172839506172839
131979.0,Ingenuity Charter,San Diego Unified,San Diego,81.0,5.0,0.06172839506172839
3630399.0,Washington High,Colton Joint Unified,San Bernardino,16.0,1.0,0.0625
116343.0,Keith McCarthy Academy,Lake Elsinore Unified,Riverside,48.0,3.0,0.0625
1931518.0,George S. Patton Continuation,Los Angeles Unified,Los Angeles,16.0,1.0,0.0625
124917.0,Guajome Learning Center,Vista Unified,San Diego,16.0,1.0,0.0625
134924.0,Berkeley Technology Academy,Berkeley Unified,Alameda,32.0,2.0,0.0625
132282.0,Ednovate - East College Prep,Los Angeles Unified,Los Angeles,79.0,5.0,0.06329113924050633
3330842.0,Glen View High,Beaumont Unified,Riverside,63.0,4.0,0.06349206349206349
114355.0,Sierra Charter,Fresno Unified,Fresno,78.0,5.0,0.0641025641025641
108837.0,Community Collaborative Charter,Twin Rivers Unified,Sacramento,154.0,10.0,0.06493506493506493
129007.0,California Virtual Academy at Sutter,Meridian Elementary,Sutter,91.0,6.0,0.06593406593406594
132019.0,Paseo Grande Charter,Robla Elementary,Sacramento,15.0,1.0,0.06666666666666667
4430096.0,Ark Independent Studies,Santa Cruz City High,Santa Cruz,30.0,2.0,0.06666666666666667
2134419.0,San Andreas High (Continuation),Tamalpais Union High,Marin,45.0,3.0,0.06666666666666667
3430758.0,San Juan Choices Charter,San Juan Unified,Sacramento,74.0,5.0,0.06756756756756757
5430327.0,La Sierra High,Tulare County Office of Education,Tulare,43.0,3.0,0.06976744186046512
1930619.0,Harold McAlister High (Opportunity),Los Angeles Unified,Los Angeles,43.0,3.0,0.06976744186046512
1931377.0,Amelia Earhart Continuation,Los Angeles Unified,Los Angeles,14.0,1.0,0.07142857142857142
1930940.0,John R. Wooden High,Los Angeles Unified,Los Angeles,14.0,1.0,0.07142857142857142
110668.0,Frida Kahlo High,Los Angeles Unified,Los Angeles,28.0,2.0,0.07142857142857142
138362.0,Olive Grove Charter - Orcutt/Santa Maria,SBE - Olive Grove Charter - Orcutt/Santa Maria,Santa Barbara,42.0,3.0,0.07142857142857142
5337407.0,Hayfork High,Mountain Valley Unified,Trinity,14.0,1.0,0.07142857142857142
126003.0,Academies of the Antelope Valley,Antelope Valley Union High,Los Angeles,14.0,1.0,0.07142857142857142
3030368.0,Coast High,Huntington Beach Union High,Orange,139.0,10.0,0.07194244604316546
730317.0,Horizons School: Independent Study,Mt. Diablo Unified,Contra Costa,54.0,4.0,0.07407407407407407
108415.0,Heritage Peak Charter,Twin Rivers Unified,Sacramento,107.0,8.0,0.07476635514018691
4430187.0,Delta Charter,Santa Cruz City High,Santa Cruz,66.0,5.0,0.07575757575757576
1930429.0,View Park Continuation,Los Angeles Unified,Los Angeles,39.0,3.0,0.07692307692307693
2731115.0,Community High (Continuation),Pacific Grove Unified,Monterey,13.0,1.0,0.07692307692307693
129668.0,County Collaborative Charter,Mountain Empire Unified,San Diego,39.0,3.0,0.07692307692307693
129221.0,MethodSchools,Dehesa Elementary,San Diego,13.0,1.0,0.07692307692307693
118018.0,Clovis Online Charter,Clovis Unified,Fresno,114.0,9.0,0.07894736842105263
137828.0,Pivot Charter School North Valley II,Chico Unified,Butte,25.0,2.0,0.08
730218.0,Venture (Alternative),San Ramon Valley Unified,Contra Costa,50.0,4.0,0.08
138222.0,Pivot Charter School - San Diego II,San Marcos Unified,San Diego,25.0,2.0,0.08
1931682.0,Zane Grey Continuation,Los Angeles Unified,Los Angeles,25.0,2.0,0.08
3230083.0,Plumas Charter,Plumas Unified,Plumas,49.0,4.0,0.08163265306122448
4530267.0,Shasta Charter Academy,Shasta Union High,Shasta,73.0,6.0,0.0821917808219178
1995885.0,Oak Knoll Alternative,Charter Oak Unified,Los Angeles,12.0,1.0,0.08333333333333333
3030624.0,Brea Canyon High (Continuation),Brea-Olinda Unified,Orange,24.0,2.0,0.08333333333333333
136259.0,Mojave Jr./Sr. High,Mojave Unified,Kern,36.0,3.0,0.08333333333333333
4930103.0,Carpe Diem High (Continuation),Petaluma Joint Union High,Sonoma,12.0,1.0,0.08333333333333333
136614.0,Diego Hills Central Public Charter,Dehesa Elementary,San Diego,106.0,9.0,0.08490566037735849
115089.0,Sky Mountain Charter,Lucerne Valley Unified,San Bernardino,70.0,6.0,0.08571428571428572
109793.0,South Sutter Charter,Marcum-Illinois Union Elementary,Sutter,140.0,12.0,0.08571428571428572
112698.0,California Virtual Academy at Kings,Armona Union Elementary,Kings,35.0,3.0,0.08571428571428572
1930312.0,Arrow High (Continuation),Charter Oak Unified,Los Angeles,23.0,2.0,0.08695652173913043
1930551.0,San Antonio Continuation,Los Angeles Unified,Los Angeles,23.0,2.0,0.08695652173913043
3432838.0,Encina Preparatory High,San Juan Unified,Sacramento,149.0,13.0,0.087248322147651
107516.0,Summit Leadership Academy-High Desert,Hesperia Unified,San Bernardino,34.0,3.0,0.08823529411764706
126094.0,be.tech,Manteca Unified,San Joaquin,34.0,3.0,0.08823529411764706
110007.0,Ocean Grove Charter,San Lorenzo Valley Unified,Santa Cruz,89.0,8.0,0.0898876404494382
6114011.0,"Independent Study, Sojourner Truth",Oakland Unified,Alameda,66.0,6.0,0.09090909090909091
138081.0,Maidu Virtual Charter Academy,Placer Union High,Placer,33.0,3.0,0.09090909090909091
127803.0,Early College Academy-LA Trade Tech College,Los Angeles Unified,Los Angeles,33.0,3.0,0.09090909090909091
135939.0,Washington Middle College High,Washington Unified,Yolo,11.0,1.0,0.09090909090909091
3337128.0,Alvord Continuation High,Alvord Unified,Riverside,108.0,10.0,0.09259259259259259
109512.0,Cal Burke High,Los Angeles Unified,Los Angeles,54.0,5.0,0.09259259259259259
127084.0,Compass Charter Schools of San Diego,Mountain Empire Unified,San Diego,32.0,3.0,0.09375
125765.0,Millennium Charter High,Monterey County Office of Education,Monterey,32.0,3.0,0.09375
101964.0,Napa Valley Independent Studies,Napa Valley Unified,Napa,53.0,5.0,0.09433962264150944
119628.0,Big Picture Educational Academy,Fresno County Office of Education,Fresno,21.0,2.0,0.09523809523809523
122580.0,Rio Valley Charter,Lodi Unified,San Joaquin,136.0,13.0,0.09558823529411764
129601.0,California Connections Academy @ North Bay,Middletown Unified,Lake,31.0,3.0,0.0967741935483871
3330909.0,Horizon,Desert Sands Unified,Riverside,41.0,4.0,0.0975609756097561
6119309.0,Delta Charter,New Jerusalem Elementary,San Joaquin,71.0,7.0,0.09859154929577464
135103.0,Inspire Charter School - Central,Westside Elementary,Fresno,30.0,3.0,0.1
1930353.0,Arena High (Continuation),El Segundo Unified,Los Angeles,20.0,2.0,0.1
3631199.0,Silver Valley Academy,Silver Valley Unified,San Bernardino,10.0,1.0,0.1
115550.0,Yosemite Falls Education Center,Yosemite Unified,Madera,10.0,1.0,0.1
6119275.0,All Tribes Charter,Warner Unified,San Diego,10.0,1.0,0.1
130393.0,Vineyard Alternative,Livermore Valley Joint Unified,Alameda,49.0,5.0,0.10204081632653061
137687.0,California Virtual Academy at Maricopa,Maricopa Unified,Kern,29.0,3.0,0.10344827586206896
5630199.0,Oak View High,Oak Park Unified,Ventura,19.0,2.0,0.10526315789473684
1931385.0,Albert Einstein Continuation,Los Angeles Unified,Los Angeles,19.0,2.0,0.10526315789473684
112284.0,California Virtual Academy San Mateo,Jefferson Elementary,San Mateo,94.0,10.0,0.10638297872340426
4430229.0,Pacific Coast Charter,Pajaro Valley Unified,Santa Cruz,56.0,6.0,0.10714285714285714
930123.0,Charter Community School Home Study Academy,El Dorado County Office of Education,El Dorado,111.0,12.0,0.10810810810810811
5337456.0,Trinity High,Trinity Alps Unified,Trinity,91.0,10.0,0.10989010989010989
2130078.0,Tamiscal High (Alternative),Tamalpais Union High,Marin,45.0,5.0,0.1111111111111111
136440.0,Phoenix Charter Academy,Whitmore Union Elementary,Shasta,27.0,3.0,0.1111111111111111
129882.0,21st Century Learning Institute,Beaumont Unified,Riverside,18.0,2.0,0.1111111111111111
2030153.0,Juvenile Hall (Endeavor/Voyager Secondary),Madera County Superintendent of Schools,Madera,9.0,1.0,0.1111111111111111
123190.0,Val Verde Academy,Val Verde Unified,Riverside,62.0,7.0,0.11290322580645161
136507.0,Crescent Valley Public Charter II,Stone Corral Elementary,Tulare,35.0,4.0,0.11428571428571428
127217.0,Alliance Alice M. Baxter College-Ready High,Los Angeles Unified,Los Angeles,61.0,7.0,0.11475409836065574
133934.0,Inspire Charter School - North,Winship-Robbins,Sutter,78.0,9.0,0.11538461538461539
3830197.0,Independence High,San Francisco Unified,San Francisco,68.0,8.0,0.11764705882352941
108951.0,Arthur A. Benjamin Health Professions High,Sacramento City Unified,Sacramento,42.0,5.0,0.11904761904761904
4930319.0,Orchard View,Twin Hills Union Elementary,Sonoma,25.0,3.0,0.12
4737250.0,Tulelake High,Tulelake Basin Joint Unified,Modoc,25.0,3.0,0.12
4330361.0,Apollo High,East Side Union High,Santa Clara,91.0,11.0,0.12087912087912088
136523.0,Crescent View South II,Westside Elementary,Fresno,66.0,8.0,0.12121212121212122
122721.0,Aspire Pacific Academy,Los Angeles Unified,Los Angeles,97.0,12.0,0.12371134020618557
4430179.0,SLVUSD Charter,San Lorenzo Valley Unified,Santa Cruz,16.0,2.0,0.125
3732559.0,Chaparral High,Grossmont Union High,San Diego,16.0,2.0,0.125
112458.0,California Connections Academy@Central,Alpaugh Unified,Tulare,56.0,7.0,0.125
4734901.0,McCloud High,Siskiyou Union High,Siskiyou,8.0,1.0,0.125
130534.0,Circle of Independent Learning,Fremont Unified,Alameda,71.0,9.0,0.1267605633802817
1932532.0,Learning Post High (Alternative),William S. Hart Union High,Los Angeles,71.0,9.0,0.1267605633802817
120600.0,iQ Academy California-Los Angeles,Rowland Unified,Los Angeles,71.0,9.0,0.1267605633802817
120402.0,Alta Vista Alternative High,Santa Barbara Unified,Santa Barbara,61.0,8.0,0.13114754098360656
5030176.0,Oakdale Charter,Oakdale Joint Unified,Stanislaus,15.0,2.0,0.13333333333333333
1530492.0,Valley Oaks Charter,Kern County Office of Education,Kern,89.0,12.0,0.1348314606741573
4530333.0,Anderson New Technology High,Anderson Union High,Shasta,37.0,5.0,0.13513513513513514
136069.0,Community Collaborative Virtual - Sage Oak Charter,Helendale Elementary,San Bernardino,37.0,5.0,0.13513513513513514
133090.0,Desert Learning Academy,Palm Springs Unified,Riverside,37.0,5.0,0.13513513513513514
3630811.0,Shadow Ridge,Hesperia Unified,San Bernardino,22.0,3.0,0.13636363636363635
135756.0,Long Valley Charter - Susanville,Ravendale-Termo Elementary,Lassen,22.0,3.0,0.13636363636363635
111203.0,Alder Grove Charter School 2,South Bay Union Elementary,Humboldt,51.0,7.0,0.13725490196078433
430827.0,Biggs High,Biggs Unified,Butte,57.0,8.0,0.14035087719298245
5434931.0,Strathmore High,Porterville Unified,Tulare,78.0,11.0,0.14102564102564102
6115935.0,CORE Charter,Camptonville Elementary,Yuba,42.0,6.0,0.14285714285714285
123356.0,Matt Garcia Career and College Academy,Fairfield-Suisun Unified,Solano,7.0,1.0,0.14285714285714285
114272.0,SAVA - Sacramento Academic and Vocational Academy,Twin Rivers Unified,Sacramento,7.0,1.0,0.14285714285714285
1930783.0,Phoenix Continuation,Los Angeles Unified,Los Angeles,7.0,1.0,0.14285714285714285
134841.0,Orange County Workforce Innovation High,Orange County Department of Education,Orange,7.0,1.0,0.14285714285714285
530154.0,Mountain Oaks,Calaveras County Office of Education,Calaveras,49.0,7.0,0.14285714285714285
111807.0,Mojave River Academy,Oro Grande,San Bernardino,7.0,1.0,0.14285714285714285
1995299.0,Rancho Learning Center (Alternative),Arcadia Unified,Los Angeles,21.0,3.0,0.14285714285714285
1995794.0,Youth Opportunities Unlimited,Los Angeles Unified,Los Angeles,75.0,11.0,0.14666666666666667
136531.0,iLEAD Online,Acton-Agua Dulce Unified,Los Angeles,13.0,2.0,0.15384615384615385
118950.0,Sherman Thomas Charter High,Madera Unified,Madera,13.0,2.0,0.15384615384615385
132936.0,Chawanakee Academy Charter,Chawanakee Unified,Madera,45.0,7.0,0.15555555555555556
1931435.0,Robert H. Lewis Continuation,Los Angeles Unified,Los Angeles,19.0,3.0,0.15789473684210525
930073.0,Golden Sierra Junior Senior High,Black Oak Mine Unified,El Dorado,76.0,12.0,0.15789473684210525
101899.0,George Washington Carver School of Arts and Science,Sacramento City Unified,Sacramento,50.0,8.0,0.16
3730967.0,Oasis High (Alternative),Fallbrook Union High,San Diego,31.0,5.0,0.16129032258064516
1737006.0,Upper Lake High,Upper Lake Unified,Lake,74.0,12.0,0.16216216216216217
2535409.0,Modoc High,Modoc Joint Unified,Modoc,55.0,9.0,0.16363636363636364
124255.0,Trivium Charter,Blochman Union Elementary,Santa Barbara,24.0,4.0,0.16666666666666666
1930486.0,Moneta Continuation,Los Angeles Unified,Los Angeles,6.0,1.0,0.16666666666666666
136630.0,Valiant Santa Barbara,Cuyama Joint Unified,Santa Barbara,6.0,1.0,0.16666666666666666
6111371.0,Vantage Point Charter,Penn Valley Union Elementary,Nevada,6.0,1.0,0.16666666666666666
1995497.0,Verdugo Academy,Glendale Unified,Los Angeles,24.0,4.0,0.16666666666666666
2330363.0,Willits Charter,Willits Unified,Mendocino,6.0,1.0,0.16666666666666666
1130103.0,William Finch,Glenn County Office of Education,Glenn,12.0,2.0,0.16666666666666666
128736.0,Opportunities for Learning - Duarte,Duarte Unified,Los Angeles,78.0,13.0,0.16666666666666666
127837.0,Redlands eAcademy,Redlands Unified,San Bernardino,6.0,1.0,0.16666666666666666
4533600.0,Fall River Junior-Senior High,Fall River Joint Unified,Shasta,35.0,6.0,0.17142857142857143
631259.0,Colusa High,Colusa Unified,Colusa,81.0,14.0,0.1728395061728395
1234004.0,Hoopa Valley High,Klamath-Trinity Joint Unified,Humboldt,52.0,9.0,0.17307692307692307
5630371.0,The High School at Moorpark College,Moorpark Unified,Ventura,23.0,4.0,0.17391304347826086
132761.0,California Prep Sutter 8-12,Meridian Elementary,Sutter,40.0,7.0,0.175
137364.0,Northern United - Humboldt Charter,Humboldt County Office of Education,Humboldt,33.0,6.0,0.18181818181818182
129916.0,Valley View Charter Prep,New Jerusalem Elementary,San Joaquin,11.0,2.0,0.18181818181818182
107482.0,San Diego Metro Career and Tech,San Diego Unified,San Diego,38.0,7.0,0.18421052631578946
109850.0,Public Safety Academy,San Bernardino City Unified,San Bernardino,43.0,8.0,0.18604651162790697
130864.0,Delta Charter Online,New Jerusalem Elementary,San Joaquin,32.0,6.0,0.1875
2334563.0,Round Valley High,Round Valley Unified,Mendocino,21.0,4.0,0.19047619047619047
1033950.0,Laton High,Laton Joint Unified,Fresno,47.0,9.0,0.19148936170212766
930214.0,EDUHSD Virtual Academy at Shenandoah,El Dorado Union High,El Dorado,31.0,6.0,0.1935483870967742
3630563.0,Lucerne Valley High,Lucerne Valley Unified,San Bernardino,36.0,7.0,0.19444444444444445
3236007.0,Quincy Junior/Senior High,Plumas Unified,Plumas,41.0,8.0,0.1951219512195122
3235603.0,Portola Junior/Senior High,Plumas Unified,Plumas,35.0,7.0,0.2
1136209.0,Princeton Junior-Senior High,Princeton Joint Unified,Glenn,15.0,3.0,0.2
3430394.0,La Vista Center,San Juan Unified,Sacramento,15.0,3.0,0.2
4732707.0,Dunsmuir High,Dunsmuir Joint Union High,Siskiyou,15.0,3.0,0.2
131987.0,iLEAD Hybrid,Acton-Agua Dulce Unified,Los Angeles,60.0,12.0,0.2
117168.0,Golden Eagle Charter,Siskiyou County Office of Education,Siskiyou,50.0,10.0,0.2
125922.0,Freedom Academy of Imperial Valley,Holtville Unified,Imperial,5.0,1.0,0.2
3731163.0,Carlsbad Seaside Academy,Carlsbad Unified,San Diego,15.0,3.0,0.2
120584.0,Pivot Online Charter - North Bay,Oak Grove Union Elementary,Sonoma,10.0,2.0,0.2
100305.0,Cypress Charter High,Live Oak Elementary,Santa Cruz,30.0,6.0,0.2
4030128.0,Eagle Canyon High,Templeton Unified,San Luis Obispo,5.0,1.0,0.2
3030467.0,Alternative Education-San Joaquin High,Irvine Unified,Orange,5.0,1.0,0.2
1530401.0,Frazier Mountain High,El Tejon Unified,Kern,61.0,13.0,0.21311475409836064
6119556.0,Parkview,Placentia-Yorba Linda Unified,Orange,23.0,5.0,0.21739130434782608
5130125.0,Yuba City Charter,Yuba City Unified,Sutter,9.0,2.0,0.2222222222222222
2030237.0,Glacier High School Charter,Yosemite Unified,Madera,27.0,6.0,0.2222222222222222
120634.0,"Architecture, Construction & Engineering Charter High (ACE)",Oxnard Union High,Ventura,45.0,10.0,0.2222222222222222
115402.0,Edward C. Merlo Institute of Environmental Studies,Stockton Unified,San Joaquin,36.0,8.0,0.2222222222222222
107110.0,Six Rivers Charter High,Northern Humboldt Union High,Humboldt,18.0,4.0,0.2222222222222222
4531000.0,Burney Junior-Senior High,Fall River Joint Unified,Shasta,31.0,7.0,0.22580645161290322
120493.0,Monarch,San Diego County Office of Education,San Diego,22.0,5.0,0.22727272727272727
4734356.0,Happy Camp High,Siskiyou Union High,Siskiyou,22.0,5.0,0.22727272727272727
4738753.0,Weed High,Siskiyou Union High,Siskiyou,44.0,10.0,0.22727272727272727
136267.0,Coastal Academy Charter,Oceanside Unified,San Diego,48.0,11.0,0.22916666666666666
2130045.0,Nova Education Center,Novato Unified,Marin,13.0,3.0,0.23076923076923078
102293.0,Foresthill High,Placer Union High,Placer,52.0,12.0,0.23076923076923078
3730751.0,Mt. Everest Academy,San Diego Unified,San Diego,30.0,7.0,0.23333333333333334
1931468.0,Metropolitan Continuation,Los Angeles Unified,Los Angeles,17.0,4.0,0.23529411764705882
3636487.0,Trona High,Trona Joint Unified,San Bernardino,17.0,4.0,0.23529411764705882
118323.0,National University Academy,Lakeside Union Elementary,San Diego,21.0,5.0,0.23809523809523808
6069397.0,Santa Cruz County Special Education,Santa Cruz County Office of Education,Santa Cruz,46.0,11.0,0.2391304347826087
1931930.0,Dan M. Issacs Avalon High,Los Angeles Unified,Los Angeles,25.0,6.0,0.24
5030234.0,Valley Charter High,Stanislaus County Office of Education,Stanislaus,29.0,7.0,0.2413793103448276
6117303.0,Greater San Diego Academy,Jamul-Dulzura Union Elementary,San Diego,8.0,2.0,0.25
6116669.0,Pacific Community Charter,Arena Union Elementary,Mendocino,4.0,1.0,0.25
124834.0,Sierra Academy of Expeditionary Learning,Nevada Joint Union High,Nevada,44.0,11.0,0.25
135970.0,Mission Early College High,Santa Clara Unified,Santa Clara,36.0,9.0,0.25
2332260.0,Laytonville High,Laytonville Unified,Mendocino,27.0,7.0,0.25925925925925924
1237007.0,South Fork Junior - Senior High,Southern Humboldt Joint Unified,Humboldt,50.0,13.0,0.26
4634259.0,Loyalton High,Sierra-Plumas Joint Unified,Sierra,19.0,5.0,0.2631578947368421
5630256.0,Oak Park Independent,Oak Park Unified,Ventura,41.0,11.0,0.2682926829268293
1533843.0,Maricopa High,Maricopa Unified,Kern,22.0,6.0,0.2727272727272727
101881.0,New Technology High,Sacramento City Unified,Sacramento,43.0,12.0,0.27906976744186046
6120356.0,Opportunities for Learning - Capistrano,Capistrano Unified,Orange,14.0,4.0,0.2857142857142857
6010763.0,Long Valley Charter,Ravendale-Termo Elementary,Lassen,7.0,2.0,0.2857142857142857
120808.0,Dorothy V. Johnson Community Day,Los Angeles Unified,Los Angeles,21.0,6.0,0.2857142857142857
124263.0,Laurel Tree Charter,Northern Humboldt Union High,Humboldt,10.0,3.0,0.3
1030766.0,Hallmark Charter,Sanger Unified,Fresno,40.0,12.0,0.3
131250.0,Mountain Valley Academy,Ramona City Unified,San Diego,23.0,7.0,0.30434782608695654
4032009.0,Coast Union High,Coast Unified,San Luis Obispo,39.0,12.0,0.3076923076923077
1932342.0,Evergreen Continuation,Los Angeles Unified,Los Angeles,29.0,9.0,0.3103448275862069
1930692.0,Thomas Riley High,Los Angeles Unified,Los Angeles,16.0,5.0,0.3125
1434901.0,Lone Pine High,Lone Pine Unified,Inyo,16.0,5.0,0.3125
115998.0,San Pasqual Academy,San Diego County Office of Education,San Diego,32.0,10.0,0.3125
135889.0,Stellar Charter,Redding Elementary,Shasta,19.0,6.0,0.3157894736842105
101683.0,Renaissance Arts Academy,Los Angeles Unified,Los Angeles,44.0,14.0,0.3181818181818182
3731155.0,Options Secondary,Sweetwater Union High,San Diego,22.0,7.0,0.3181818181818182
1232909.0,Ferndale High,Ferndale Unified,Humboldt,34.0,11.0,0.3235294117647059
132746.0,Emery Secondary,Emery Unified,Alameda,40.0,13.0,0.325
5530084.0,Don Pedro High,Big Oak Flat-Groveland Unified,Tuolumne,18.0,6.0,0.3333333333333333
123737.0,Three Rivers Charter,Fort Bragg Unified,Mendocino,3.0,1.0,0.3333333333333333
3330685.0,Moreno Valley Community Learning Center,Moreno Valley Unified,Riverside,3.0,1.0,0.3333333333333333
118315.0,East Village High,San Diego Unified,San Diego,15.0,5.0,0.3333333333333333
1132109.0,Elk Creek Junior-Senior High,Stony Creek Joint Unified,Glenn,3.0,1.0,0.3333333333333333
129536.0,Boyle Heights STEM High,Los Angeles Unified,Los Angeles,42.0,14.0,0.3333333333333333
120212.0,Aspire Vanguard College Preparatory Academy,Modesto City High,Stanislaus,18.0,6.0,0.3333333333333333
3730934.0,Campo High (Continuation),Mountain Empire Unified,San Diego,3.0,1.0,0.3333333333333333
634758.0,Maxwell Sr High,Maxwell Unified,Colusa,29.0,10.0,0.3448275862068966
2330413.0,Redwood Academy of Ukiah,Ukiah Unified,Mendocino,23.0,8.0,0.34782608695652173
1932391.0,West Hollywood Opportunity,Los Angeles Unified,Los Angeles,17.0,6.0,0.35294117647058826
6119564.0,Dehesa Charter,Dehesa Elementary,San Diego,31.0,11.0,0.3548387096774194
123349.0,Century Academy,Conejo Valley Unified,Ventura,28.0,10.0,0.35714285714285715
115709.0,Riverside Virtual,Riverside Unified,Riverside,14.0,5.0,0.35714285714285715
1931336.0,Cheviot Hills Continuation,Los Angeles Unified,Los Angeles,25.0,9.0,0.36
3232006.0,Chester Junior/Senior High,Plumas Unified,Plumas,22.0,8.0,0.36363636363636365
4430245.0,Diamond Technology Institute,Pajaro Valley Unified,Santa Cruz,11.0,4.0,0.36363636363636365
2333649.0,Point Arena High,Point Arena Joint Union High,Mendocino,30.0,11.0,0.36666666666666664
120410.0,iHigh Virtual Academy,San Diego Unified,San Diego,19.0,7.0,0.3684210526315789
114314.0,Bitney Prep High,Nevada County Office of Education,Nevada,27.0,10.0,0.37037037037037035
121509.0,Ipakanni Early College Charter,Feather Falls Union Elementary,Butte,16.0,6.0,0.375
5235106.0,Los Molinos High,Los Molinos Unified,Tehama,37.0,14.0,0.3783783783783784
4135331.0,Pescadero High,La Honda-Pescadero Unified,San Mateo,21.0,8.0,0.38095238095238093
3730447.0,Borrego Springs High,Borrego Springs Unified,San Diego,36.0,14.0,0.3888888888888889
122713.0,River Oaks Academy,Ventura County Office of Education,Ventura,23.0,9.0,0.391304347826087
130179.0,Street Academy (Alternative),Oakland Unified,Alameda,23.0,9.0,0.391304347826087
6119291.0,Eleanor Roosevelt Community Learning Center,Tulare County Office of Education,Tulare,5.0,2.0,0.4
3731536.0,Grossmont Middle College High,Grossmont Union High,San Diego,35.0,14.0,0.4
3733219.0,Julian High,Julian Union High,San Diego,20.0,8.0,0.4
2330041.0,Potter Valley High,Potter Valley Community Unified,Mendocino,15.0,6.0,0.4
130765.0,Magnolia Science Academy Santa Ana,SBE - Magnolia Science Academy Santa Ana,Orange,34.0,14.0,0.4117647058823529
1931450.0,Jack London Continuation,Los Angeles Unified,Los Angeles,31.0,14.0,0.45161290322580644
132571.0,Konocti Education Center,Konocti Unified,Lake,22.0,10.0,0.45454545454545453
5430301.0,Alpaugh -Senior High,Alpaugh Unified,Tulare,24.0,11.0,0.4583333333333333
2633006.0,Coleville High,Eastern Sierra Unified,Mono,17.0,8.0,0.47058823529411764
111484.0,New Village Girls Academy,Los Angeles Unified,Los Angeles,19.0,9.0,0.47368421052631576
1931716.0,Lake Balboa College Preparatory Magnet K-12,Los Angeles Unified,Los Angeles,26.0,13.0,0.5
5337423.0,Southern Trinity High,Southern Trinity Joint Unified,Trinity,4.0,2.0,0.5
1831601.0,Big Valley Jr. Sr. High,Big Valley Joint Unified,Lassen,20.0,10.0,0.5
129411.0,SCALE Leadership Academy,Acton-Agua Dulce Unified,Los Angeles,12.0,6.0,0.5
1931393.0,Highland Park Continuation,Los Angeles Unified,Los Angeles,15.0,8.0,0.5333333333333333
118174.0,OUSD Home Sch,Orange Unified,Orange,26.0,14.0,0.5384615384615384
3730975.0,Warner Junior/Senior High,Warner Unified,San Diego,11.0,6.0,0.5454545454545454
5530076.0,Tioga High,Big Oak Flat-Groveland Unified,Tuolumne,14.0,8.0,0.5714285714285714
2635001.0,Lee Vining High,Eastern Sierra Unified,Mono,5.0,3.0,0.6
129981.0,Geyserville New Tech Academy,Geyserville Unified,Sonoma,10.0,6.0,0.6
1838507.0,Westwood High,Westwood Unified,Lassen,10.0,6.0,0.6
130286.0,Millennium High Alternative,Piedmont City Unified,Alameda,21.0,14.0,0.6666666666666666
136101.0,Connecting Waters Charter - East Bay,Alameda County Office of Education,Alameda,9.0,6.0,0.6666666666666666
119222.0,Nea Community Learning Center,Alameda Unified,Alameda,18.0,12.0,0.6666666666666666
127860.0,Alpha Charter,Elverta Joint Elementary,Sacramento,10.0,7.0,0.7
1431352.0,Big Pine High,Big Pine Unified,Inyo,7.0,5.0,0.7142857142857143
1931856.0,Whitman Continuation,Los Angeles Unified,Los Angeles,18.0,14.0,0.7777777777777778
1930791.0,Mt. Lukens Continuation,Los Angeles Unified,Los Angeles,9.0,7.0,0.7777777777777778
3233509.0,Greenville Junior/Senior High,Plumas Unified,Plumas,9.0,7.0,0.7777777777777778
2332724.0,Leggett Valley High,Leggett Valley Unified,Mendocino,5.0,4.0,0.8
2537702.0,Surprise Valley High,Surprise Valley Joint Unified,Modoc,5.0,4.0,0.8
132167.0,ASPIRE Community Day,Hemet Unified,Riverside,10.0,8.0,0.8
4231205.0,Cuyama Valley High,Cuyama Joint Unified,Santa Barbara,8.0,7.0,0.875
6061832.0,Kit Carson International Academy,Sacramento City Unified,Sacramento,13.0,12.0,0.9230769230769231
132555.0,Conservatory of Vocal/Instrumental Arts High,Oakland Unified,Alameda,13.0,12.0,0.9230769230769231
138057.0,Connecting Waters Charter School - Central Valley,Modesto City Elementary,Stanislaus,3.0,3.0,1.0
111682.0,Hume Lake Charter,Fresno County Office of Education,Fresno,2.0,2.0,1.0
124347.0,City Heights Preparatory Charter,San Diego Unified,San Diego,4.0,4.0,1.0
6115133.0,REACH Academy,Santa Ana Unified,Orange,2.0,2.0,1.0
1436203.0,Owens Valley High,Owens Valley Unified,Inyo,2.0,2.0,1.0
1230085.0,Mattole Triple Junction High,Mattole Unified,Humboldt,3.0,3.0,1.0
2330207.0,Whale Gulch High,Leggett Valley Unified,Mendocino,1.0,1.0,1.0
132084.0,Alliance Marine - Innovation and Technology 6-12 Complex,Los Angeles Unified,Los Angeles,0.0,1.0,inf
